Scenario,Estimated Portfolio Return,Largest Positive Contributor,Largest Positive Contribution,Largest Negative Contributor,Largest Negative Contribution
Equity -10%,-0.03327993767915348,ZN=F,0.0,ES=F,-0.011093312559717825
Rates +100 bps,-0.03383460330713937,ES=F,0.0,ZB=F,-0.019967962607492083
Natural Gas -30%,-0.03327993767915347,ES=F,0.0,NG=F,-0.03327993767915347
Agriculture -15%,-0.04991990651873021,ES=F,0.0,ZC=F,-0.016639968839576736
Metals -10%,-0.02218662511943565,ES=F,0.0,GC=F,-0.011093312559717825
Broad Risk-Off,-0.04991990651873021,ZN=F,0.003327993767915347,ES=F,-0.00887465004777426
